PRAGMA foreign_keys=OFF;
BEGIN TRANSACTION;
CREATE TABLE IF NOT EXISTS "django_migrations" ("id" integer NOT NULL PRIMARY KEY AUTOINCREMENT, "app" varchar(255) NOT NULL, "name" varchar(255) NOT NULL, "applied" datetime NOT NULL);
INSERT INTO django_migrations VALUES(1,'contenttypes','0001_initial','2024-06-07 15:38:47.529647');
INSERT INTO django_migrations VALUES(2,'auth','0001_initial','2024-06-07 15:38:47.535323');
INSERT INTO django_migrations VALUES(3,'account','0001_initial','2024-06-07 15:38:47.541788');
INSERT INTO django_migrations VALUES(4,'account','0002_email_max_length','2024-06-07 15:38:47.545591');
INSERT INTO django_migrations VALUES(5,'account','0003_alter_emailaddress_create_unique_verified_email','2024-06-07 15:38:47.551275');
INSERT INTO django_migrations VALUES(6,'account','0004_alter_emailaddress_drop_unique_email','2024-06-07 15:38:47.554865');
INSERT INTO django_migrations VALUES(7,'account','0005_emailaddress_idx_upper_email','2024-06-07 15:38:47.558401');
INSERT INTO django_migrations VALUES(8,'account','0006_emailaddress_lower','2024-06-07 15:38:47.561045');
INSERT INTO django_migrations VALUES(9,'account','0007_emailaddress_idx_email','2024-06-07 15:38:47.568261');
INSERT INTO django_migrations VALUES(10,'account','0008_emailaddress_unique_primary_email_fixup','2024-06-07 15:38:47.571644');
INSERT INTO django_migrations VALUES(11,'account','0009_emailaddress_unique_primary_email','2024-06-07 15:38:47.574206');
INSERT INTO django_migrations VALUES(12,'admin','0001_initial','2024-06-07 15:38:47.577536');
INSERT INTO django_migrations VALUES(13,'admin','0002_logentry_remove_auto_add','2024-06-07 15:38:47.582690');
INSERT INTO django_migrations VALUES(14,'admin','0003_logentry_add_action_flag_choices','2024-06-07 15:38:47.585476');
INSERT INTO django_migrations VALUES(15,'contenttypes','0002_remove_content_type_name','2024-06-07 15:38:47.592553');
INSERT INTO django_migrations VALUES(16,'auth','0002_alter_permission_name_max_length','2024-06-07 15:38:47.596645');
INSERT INTO django_migrations VALUES(17,'auth','0003_alter_user_email_max_length','2024-06-07 15:38:47.601324');
INSERT INTO django_migrations VALUES(18,'auth','0004_alter_user_username_opts','2024-06-07 15:38:47.603702');
INSERT INTO django_migrations VALUES(19,'auth','0005_alter_user_last_login_null','2024-06-07 15:38:47.607305');
INSERT INTO django_migrations VALUES(20,'auth','0006_require_contenttypes_0002','2024-06-07 15:38:47.608183');
INSERT INTO django_migrations VALUES(21,'auth','0007_alter_validators_add_error_messages','2024-06-07 15:38:47.610680');
INSERT INTO django_migrations VALUES(22,'auth','0008_alter_user_username_max_length','2024-06-07 15:38:47.614944');
INSERT INTO django_migrations VALUES(23,'auth','0009_alter_user_last_name_max_length','2024-06-07 15:38:47.619002');
INSERT INTO django_migrations VALUES(24,'auth','0010_alter_group_name_max_length','2024-06-07 15:38:47.623521');
INSERT INTO django_migrations VALUES(25,'auth','0011_update_proxy_permissions','2024-06-07 15:38:47.625993');
INSERT INTO django_migrations VALUES(26,'auth','0012_alter_user_first_name_max_length','2024-06-07 15:38:47.629621');
INSERT INTO django_migrations VALUES(27,'customer','0001_initial','2024-06-07 15:38:47.637105');
INSERT INTO django_migrations VALUES(28,'sessions','0001_initial','2024-06-07 15:38:47.639278');
INSERT INTO django_migrations VALUES(29,'sites','0001_initial','2024-06-07 15:38:47.640231');
INSERT INTO django_migrations VALUES(30,'sites','0002_alter_domain_unique','2024-06-07 15:38:47.642100');
INSERT INTO django_migrations VALUES(31,'socialaccount','0001_initial','2024-06-07 15:38:47.656329');
INSERT INTO django_migrations VALUES(32,'socialaccount','0002_token_max_lengths','2024-06-07 15:38:47.666150');
INSERT INTO django_migrations VALUES(33,'socialaccount','0003_extra_data_default_dict','2024-06-07 15:38:47.669287');
INSERT INTO django_migrations VALUES(34,'socialaccount','0004_app_provider_id_settings','2024-06-07 15:38:47.678649');
INSERT INTO django_migrations VALUES(35,'socialaccount','0005_socialtoken_nullable_app','2024-06-07 15:38:47.684917');
INSERT INTO django_migrations VALUES(36,'socialaccount','0006_alter_socialaccount_extra_data','2024-06-07 15:38:47.689421');
INSERT INTO django_migrations VALUES(37,'customer','0002_alter_orderitem_quantity','2024-06-07 15:48:05.301306');
INSERT INTO django_migrations VALUES(38,'customer','0003_alter_orderitem_quantity','2024-06-07 16:19:42.411682');
INSERT INTO django_migrations VALUES(39,'customer','0004_alter_orderitem_order','2024-06-07 16:22:12.446179');
CREATE TABLE IF NOT EXISTS "auth_group_permissions" ("id" integer NOT NULL PRIMARY KEY AUTOINCREMENT, "group_id" integer NOT NULL REFERENCES "auth_group" ("id") DEFERRABLE INITIALLY DEFERRED, "permission_id" integer NOT NULL REFERENCES "auth_permission" ("id") DEFERRABLE INITIALLY DEFERRED);
INSERT INTO auth_group_permissions VALUES(1,1,1);
INSERT INTO auth_group_permissions VALUES(2,1,2);
INSERT INTO auth_group_permissions VALUES(3,1,3);
INSERT INTO auth_group_permissions VALUES(4,1,4);
INSERT INTO auth_group_permissions VALUES(5,1,5);
INSERT INTO auth_group_permissions VALUES(6,1,6);
INSERT INTO auth_group_permissions VALUES(7,1,7);
INSERT INTO auth_group_permissions VALUES(8,1,8);
INSERT INTO auth_group_permissions VALUES(9,1,9);
INSERT INTO auth_group_permissions VALUES(10,1,10);
INSERT INTO auth_group_permissions VALUES(11,1,11);
INSERT INTO auth_group_permissions VALUES(12,1,12);
INSERT INTO auth_group_permissions VALUES(13,1,13);
INSERT INTO auth_group_permissions VALUES(14,1,14);
INSERT INTO auth_group_permissions VALUES(15,1,15);
INSERT INTO auth_group_permissions VALUES(16,1,16);
CREATE TABLE IF NOT EXISTS "auth_user_groups" ("id" integer NOT NULL PRIMARY KEY AUTOINCREMENT, "user_id" integer NOT NULL REFERENCES "auth_user" ("id") DEFERRABLE INITIALLY DEFERRED, "group_id" integer NOT NULL REFERENCES "auth_group" ("id") DEFERRABLE INITIALLY DEFERRED);
INSERT INTO auth_user_groups VALUES(1,1,1);
INSERT INTO auth_user_groups VALUES(2,2,1);
INSERT INTO auth_user_groups VALUES(3,3,1);
CREATE TABLE IF NOT EXISTS "auth_user_user_permissions" ("id" integer NOT NULL PRIMARY KEY AUTOINCREMENT, "user_id" integer NOT NULL REFERENCES "auth_user" ("id") DEFERRABLE INITIALLY DEFERRED, "permission_id" integer NOT NULL REFERENCES "auth_permission" ("id") DEFERRABLE INITIALLY DEFERRED);
INSERT INTO auth_user_user_permissions VALUES(1,1,1);
INSERT INTO auth_user_user_permissions VALUES(2,1,2);
INSERT INTO auth_user_user_permissions VALUES(3,1,3);
INSERT INTO auth_user_user_permissions VALUES(4,1,4);
INSERT INTO auth_user_user_permissions VALUES(5,1,5);
INSERT INTO auth_user_user_permissions VALUES(6,1,6);
INSERT INTO auth_user_user_permissions VALUES(7,1,7);
INSERT INTO auth_user_user_permissions VALUES(8,1,8);
INSERT INTO auth_user_user_permissions VALUES(9,1,9);
INSERT INTO auth_user_user_permissions VALUES(10,1,10);
INSERT INTO auth_user_user_permissions VALUES(11,1,11);
INSERT INTO auth_user_user_permissions VALUES(12,1,12);
INSERT INTO auth_user_user_permissions VALUES(13,1,13);
INSERT INTO auth_user_user_permissions VALUES(14,1,14);
INSERT INTO auth_user_user_permissions VALUES(15,1,15);
INSERT INTO auth_user_user_permissions VALUES(16,1,16);
INSERT INTO auth_user_user_permissions VALUES(17,1,17);
INSERT INTO auth_user_user_permissions VALUES(18,1,18);
INSERT INTO auth_user_user_permissions VALUES(19,1,19);
INSERT INTO auth_user_user_permissions VALUES(20,1,20);
INSERT INTO auth_user_user_permissions VALUES(21,1,21);
INSERT INTO auth_user_user_permissions VALUES(22,1,22);
INSERT INTO auth_user_user_permissions VALUES(23,1,23);
INSERT INTO auth_user_user_permissions VALUES(24,1,24);
INSERT INTO auth_user_user_permissions VALUES(25,1,25);
INSERT INTO auth_user_user_permissions VALUES(26,1,26);
INSERT INTO auth_user_user_permissions VALUES(27,1,27);
INSERT INTO auth_user_user_permissions VALUES(28,1,28);
INSERT INTO auth_user_user_permissions VALUES(29,1,29);
INSERT INTO auth_user_user_permissions VALUES(30,1,30);
INSERT INTO auth_user_user_permissions VALUES(31,1,31);
INSERT INTO auth_user_user_permissions VALUES(32,1,32);
INSERT INTO auth_user_user_permissions VALUES(33,1,33);
INSERT INTO auth_user_user_permissions VALUES(34,1,34);
INSERT INTO auth_user_user_permissions VALUES(35,1,35);
INSERT INTO auth_user_user_permissions VALUES(36,1,36);
INSERT INTO auth_user_user_permissions VALUES(37,1,37);
INSERT INTO auth_user_user_permissions VALUES(38,1,38);
INSERT INTO auth_user_user_permissions VALUES(39,1,39);
INSERT INTO auth_user_user_permissions VALUES(40,1,40);
INSERT INTO auth_user_user_permissions VALUES(41,1,41);
INSERT INTO auth_user_user_permissions VALUES(42,1,42);
INSERT INTO auth_user_user_permissions VALUES(43,1,43);
INSERT INTO auth_user_user_permissions VALUES(44,1,44);
INSERT INTO auth_user_user_permissions VALUES(45,1,45);
INSERT INTO auth_user_user_permissions VALUES(46,1,46);
INSERT INTO auth_user_user_permissions VALUES(47,1,47);
INSERT INTO auth_user_user_permissions VALUES(48,1,48);
INSERT INTO auth_user_user_permissions VALUES(49,1,49);
INSERT INTO auth_user_user_permissions VALUES(50,1,50);
INSERT INTO auth_user_user_permissions VALUES(51,1,51);
INSERT INTO auth_user_user_permissions VALUES(52,1,52);
INSERT INTO auth_user_user_permissions VALUES(53,1,53);
INSERT INTO auth_user_user_permissions VALUES(54,1,54);
INSERT INTO auth_user_user_permissions VALUES(55,1,55);
INSERT INTO auth_user_user_permissions VALUES(56,1,56);
INSERT INTO auth_user_user_permissions VALUES(57,1,57);
INSERT INTO auth_user_user_permissions VALUES(58,1,58);
INSERT INTO auth_user_user_permissions VALUES(59,1,59);
INSERT INTO auth_user_user_permissions VALUES(60,1,60);
INSERT INTO auth_user_user_permissions VALUES(61,1,61);
INSERT INTO auth_user_user_permissions VALUES(62,1,62);
INSERT INTO auth_user_user_permissions VALUES(63,1,63);
INSERT INTO auth_user_user_permissions VALUES(64,1,64);
INSERT INTO auth_user_user_permissions VALUES(65,2,1);
INSERT INTO auth_user_user_permissions VALUES(66,2,2);
INSERT INTO auth_user_user_permissions VALUES(67,2,3);
INSERT INTO auth_user_user_permissions VALUES(68,2,4);
INSERT INTO auth_user_user_permissions VALUES(69,2,5);
INSERT INTO auth_user_user_permissions VALUES(70,2,6);
INSERT INTO auth_user_user_permissions VALUES(71,2,7);
INSERT INTO auth_user_user_permissions VALUES(72,2,8);
INSERT INTO auth_user_user_permissions VALUES(73,2,9);
INSERT INTO auth_user_user_permissions VALUES(74,2,10);
INSERT INTO auth_user_user_permissions VALUES(75,2,11);
INSERT INTO auth_user_user_permissions VALUES(76,2,12);
INSERT INTO auth_user_user_permissions VALUES(77,2,13);
INSERT INTO auth_user_user_permissions VALUES(78,2,14);
INSERT INTO auth_user_user_permissions VALUES(79,2,15);
INSERT INTO auth_user_user_permissions VALUES(80,2,16);
INSERT INTO auth_user_user_permissions VALUES(81,2,17);
INSERT INTO auth_user_user_permissions VALUES(82,2,18);
INSERT INTO auth_user_user_permissions VALUES(83,2,19);
INSERT INTO auth_user_user_permissions VALUES(84,2,20);
INSERT INTO auth_user_user_permissions VALUES(85,2,21);
INSERT INTO auth_user_user_permissions VALUES(86,2,22);
INSERT INTO auth_user_user_permissions VALUES(87,2,23);
INSERT INTO auth_user_user_permissions VALUES(88,2,24);
INSERT INTO auth_user_user_permissions VALUES(89,2,25);
INSERT INTO auth_user_user_permissions VALUES(90,2,26);
INSERT INTO auth_user_user_permissions VALUES(91,2,27);
INSERT INTO auth_user_user_permissions VALUES(92,2,28);
INSERT INTO auth_user_user_permissions VALUES(93,2,29);
INSERT INTO auth_user_user_permissions VALUES(94,2,30);
INSERT INTO auth_user_user_permissions VALUES(95,2,31);
INSERT INTO auth_user_user_permissions VALUES(96,2,32);
INSERT INTO auth_user_user_permissions VALUES(97,2,33);
INSERT INTO auth_user_user_permissions VALUES(98,2,34);
INSERT INTO auth_user_user_permissions VALUES(99,2,35);
INSERT INTO auth_user_user_permissions VALUES(100,2,36);
INSERT INTO auth_user_user_permissions VALUES(101,2,37);
INSERT INTO auth_user_user_permissions VALUES(102,2,38);
INSERT INTO auth_user_user_permissions VALUES(103,2,39);
INSERT INTO auth_user_user_permissions VALUES(104,2,40);
INSERT INTO auth_user_user_permissions VALUES(105,2,41);
INSERT INTO auth_user_user_permissions VALUES(106,2,42);
INSERT INTO auth_user_user_permissions VALUES(107,2,43);
INSERT INTO auth_user_user_permissions VALUES(108,2,44);
INSERT INTO auth_user_user_permissions VALUES(109,2,45);
INSERT INTO auth_user_user_permissions VALUES(110,2,46);
INSERT INTO auth_user_user_permissions VALUES(111,2,47);
INSERT INTO auth_user_user_permissions VALUES(112,2,48);
INSERT INTO auth_user_user_permissions VALUES(113,2,49);
INSERT INTO auth_user_user_permissions VALUES(114,2,50);
INSERT INTO auth_user_user_permissions VALUES(115,2,51);
INSERT INTO auth_user_user_permissions VALUES(116,2,52);
INSERT INTO auth_user_user_permissions VALUES(117,2,53);
INSERT INTO auth_user_user_permissions VALUES(118,2,54);
INSERT INTO auth_user_user_permissions VALUES(119,2,55);
INSERT INTO auth_user_user_permissions VALUES(120,2,56);
INSERT INTO auth_user_user_permissions VALUES(121,2,57);
INSERT INTO auth_user_user_permissions VALUES(122,2,58);
INSERT INTO auth_user_user_permissions VALUES(123,2,59);
INSERT INTO auth_user_user_permissions VALUES(124,2,60);
INSERT INTO auth_user_user_permissions VALUES(125,2,61);
INSERT INTO auth_user_user_permissions VALUES(126,2,62);
INSERT INTO auth_user_user_permissions VALUES(127,2,63);
INSERT INTO auth_user_user_permissions VALUES(128,2,64);
INSERT INTO auth_user_user_permissions VALUES(129,3,1);
INSERT INTO auth_user_user_permissions VALUES(130,3,2);
INSERT INTO auth_user_user_permissions VALUES(131,3,3);
INSERT INTO auth_user_user_permissions VALUES(132,3,4);
INSERT INTO auth_user_user_permissions VALUES(133,3,5);
INSERT INTO auth_user_user_permissions VALUES(134,3,6);
INSERT INTO auth_user_user_permissions VALUES(135,3,7);
INSERT INTO auth_user_user_permissions VALUES(136,3,8);
INSERT INTO auth_user_user_permissions VALUES(137,3,9);
INSERT INTO auth_user_user_permissions VALUES(138,3,10);
INSERT INTO auth_user_user_permissions VALUES(139,3,11);
INSERT INTO auth_user_user_permissions VALUES(140,3,12);
INSERT INTO auth_user_user_permissions VALUES(141,3,13);
INSERT INTO auth_user_user_permissions VALUES(142,3,14);
INSERT INTO auth_user_user_permissions VALUES(143,3,15);
INSERT INTO auth_user_user_permissions VALUES(144,3,16);
INSERT INTO auth_user_user_permissions VALUES(145,3,17);
INSERT INTO auth_user_user_permissions VALUES(146,3,18);
INSERT INTO auth_user_user_permissions VALUES(147,3,19);
INSERT INTO auth_user_user_permissions VALUES(148,3,20);
INSERT INTO auth_user_user_permissions VALUES(149,3,21);
INSERT INTO auth_user_user_permissions VALUES(150,3,22);
INSERT INTO auth_user_user_permissions VALUES(151,3,23);
INSERT INTO auth_user_user_permissions VALUES(152,3,24);
INSERT INTO auth_user_user_permissions VALUES(153,3,25);
INSERT INTO auth_user_user_permissions VALUES(154,3,26);
INSERT INTO auth_user_user_permissions VALUES(155,3,27);
INSERT INTO auth_user_user_permissions VALUES(156,3,28);
INSERT INTO auth_user_user_permissions VALUES(157,3,29);
INSERT INTO auth_user_user_permissions VALUES(158,3,30);
INSERT INTO auth_user_user_permissions VALUES(159,3,31);
INSERT INTO auth_user_user_permissions VALUES(160,3,32);
INSERT INTO auth_user_user_permissions VALUES(161,3,33);
INSERT INTO auth_user_user_permissions VALUES(162,3,34);
INSERT INTO auth_user_user_permissions VALUES(163,3,35);
INSERT INTO auth_user_user_permissions VALUES(164,3,36);
INSERT INTO auth_user_user_permissions VALUES(165,3,37);
INSERT INTO auth_user_user_permissions VALUES(166,3,38);
INSERT INTO auth_user_user_permissions VALUES(167,3,39);
INSERT INTO auth_user_user_permissions VALUES(168,3,40);
INSERT INTO auth_user_user_permissions VALUES(169,3,41);
INSERT INTO auth_user_user_permissions VALUES(170,3,42);
INSERT INTO auth_user_user_permissions VALUES(171,3,43);
INSERT INTO auth_user_user_permissions VALUES(172,3,44);
INSERT INTO auth_user_user_permissions VALUES(173,3,45);
INSERT INTO auth_user_user_permissions VALUES(174,3,46);
INSERT INTO auth_user_user_permissions VALUES(175,3,47);
INSERT INTO auth_user_user_permissions VALUES(176,3,48);
INSERT INTO auth_user_user_permissions VALUES(177,3,49);
INSERT INTO auth_user_user_permissions VALUES(178,3,50);
INSERT INTO auth_user_user_permissions VALUES(179,3,51);
INSERT INTO auth_user_user_permissions VALUES(180,3,52);
INSERT INTO auth_user_user_permissions VALUES(181,3,53);
INSERT INTO auth_user_user_permissions VALUES(182,3,54);
INSERT INTO auth_user_user_permissions VALUES(183,3,55);
INSERT INTO auth_user_user_permissions VALUES(184,3,56);
INSERT INTO auth_user_user_permissions VALUES(185,3,57);
INSERT INTO auth_user_user_permissions VALUES(186,3,58);
INSERT INTO auth_user_user_permissions VALUES(187,3,59);
INSERT INTO auth_user_user_permissions VALUES(188,3,60);
INSERT INTO auth_user_user_permissions VALUES(189,3,61);
INSERT INTO auth_user_user_permissions VALUES(190,3,62);
INSERT INTO auth_user_user_permissions VALUES(191,3,63);
INSERT INTO auth_user_user_permissions VALUES(192,3,64);
CREATE TABLE IF NOT EXISTS "account_emailconfirmation" ("id" integer NOT NULL PRIMARY KEY AUTOINCREMENT, "created" datetime NOT NULL, "sent" datetime NULL, "key" varchar(64) NOT NULL UNIQUE, "email_address_id" integer NOT NULL REFERENCES "account_emailaddress" ("id") DEFERRABLE INITIALLY DEFERRED);
CREATE TABLE IF NOT EXISTS "account_emailaddress" ("id" integer NOT NULL PRIMARY KEY AUTOINCREMENT, "verified" bool NOT NULL, "primary" bool NOT NULL, "user_id" integer NOT NULL REFERENCES "auth_user" ("id") DEFERRABLE INITIALLY DEFERRED, "email" varchar(254) NOT NULL);
INSERT INTO account_emailaddress VALUES(1,1,1,1,'aydan.akbarova@gmail.com');
CREATE TABLE IF NOT EXISTS "django_admin_log" ("id" integer NOT NULL PRIMARY KEY AUTOINCREMENT, "object_id" text NULL, "object_repr" varchar(200) NOT NULL, "action_flag" smallint unsigned NOT NULL CHECK ("action_flag" >= 0), "change_message" text NOT NULL, "content_type_id" integer NULL REFERENCES "django_content_type" ("id") DEFERRABLE INITIALLY DEFERRED, "user_id" integer NOT NULL REFERENCES "auth_user" ("id") DEFERRABLE INITIALLY DEFERRED, "action_time" datetime NOT NULL);
INSERT INTO django_admin_log VALUES(1,'1','Dessert',1,'[{"added": {}}]',1,1,'2024-06-07 15:44:12.570430');
INSERT INTO django_admin_log VALUES(2,'2','Drinks',1,'[{"added": {}}]',1,1,'2024-06-07 15:44:22.858024');
INSERT INTO django_admin_log VALUES(3,'2','Drink',2,'[{"changed": {"fields": ["Name"]}}]',1,1,'2024-06-07 15:44:48.790556');
INSERT INTO django_admin_log VALUES(4,'1','Shekerbura',1,'[{"added": {}}]',2,1,'2024-06-07 15:45:18.887916');
INSERT INTO django_admin_log VALUES(5,'1','aydan.akbarova@gmail.com',1,'[{"added": {}}]',5,1,'2024-06-07 16:54:01.329405');
INSERT INTO django_admin_log VALUES(6,'2','Coffee',1,'[{"added": {}}]',2,1,'2024-06-07 16:58:24.345130');
INSERT INTO django_admin_log VALUES(7,'1','Staff',1,'[{"added": {}}]',12,1,'2024-06-14 07:52:29.694100');
INSERT INTO django_admin_log VALUES(8,'1','lunarin',2,'[]',13,1,'2024-06-14 07:53:32.172848');
INSERT INTO django_admin_log VALUES(9,'1','lunarin',2,'[{"changed": {"fields": ["User permissions"]}}]',13,1,'2024-06-14 07:55:22.134836');
INSERT INTO django_admin_log VALUES(10,'1','lunarin',2,'[{"changed": {"fields": ["Groups"]}}]',13,1,'2024-06-14 07:58:55.865918');
INSERT INTO django_admin_log VALUES(11,'2','admin',1,'[{"added": {}}]',13,1,'2024-06-14 18:31:20.209722');
INSERT INTO django_admin_log VALUES(12,'2','admin',2,'[{"changed": {"fields": ["Staff status", "Superuser status", "Groups", "User permissions"]}}]',13,1,'2024-06-14 18:31:38.784666');
INSERT INTO django_admin_log VALUES(13,'3','Strawberry cupcake',1,'[{"added": {}}]',2,1,'2024-06-14 18:35:52.740980');
INSERT INTO django_admin_log VALUES(14,'4','Classic Lemonade',1,'[{"added": {}}]',2,1,'2024-06-14 18:39:10.817338');
INSERT INTO django_admin_log VALUES(15,'2','Coffee',2,'[{"changed": {"fields": ["Description"]}}]',2,1,'2024-06-14 18:41:30.921680');
INSERT INTO django_admin_log VALUES(16,'4','Classic Lemonade',2,'[{"changed": {"fields": ["Description"]}}]',2,1,'2024-06-14 18:42:15.738187');
INSERT INTO django_admin_log VALUES(17,'4','Classic Lemonade',2,'[]',2,1,'2024-06-14 18:42:18.333743');
INSERT INTO django_admin_log VALUES(18,'1','Shekerbura',2,'[{"changed": {"fields": ["Description"]}}]',2,1,'2024-06-14 18:42:38.083821');
INSERT INTO django_admin_log VALUES(19,'5','test',1,'[{"added": {}}]',2,1,'2024-06-14 19:12:36.664165');
INSERT INTO django_admin_log VALUES(20,'5','test',3,'',2,1,'2024-06-15 18:48:09.499655');
INSERT INTO django_admin_log VALUES(21,'4','Classic Lemonade',3,'',2,1,'2024-06-15 18:48:09.501283');
INSERT INTO django_admin_log VALUES(22,'3','Strawberry cupcake',3,'',2,1,'2024-06-15 18:48:09.502014');
INSERT INTO django_admin_log VALUES(23,'2','Coffee',3,'',2,1,'2024-06-15 18:48:09.502719');
INSERT INTO django_admin_log VALUES(24,'1','Shekerbura',3,'',2,1,'2024-06-15 18:48:09.503344');
INSERT INTO django_admin_log VALUES(25,'6','Love''s Embrace',1,'[{"added": {}}]',2,1,'2024-06-15 18:51:03.019706');
INSERT INTO django_admin_log VALUES(26,'7','"Birthday Bliss" cake.',1,'[{"added": {}}]',2,1,'2024-06-15 18:51:58.144643');
INSERT INTO django_admin_log VALUES(27,'8','Strawberry cupcake',1,'[{"added": {}}]',2,1,'2024-06-15 18:53:06.856329');
INSERT INTO django_admin_log VALUES(28,'9','Berry Blast cake',1,'[{"added": {}}]',2,1,'2024-06-15 18:54:09.350149');
INSERT INTO django_admin_log VALUES(29,'10','Cherry Delight cupcake',1,'[{"added": {}}]',2,1,'2024-06-15 18:54:59.822400');
INSERT INTO django_admin_log VALUES(30,'11','Berry Bliss pie',1,'[{"added": {}}]',2,1,'2024-06-15 18:57:49.129077');
INSERT INTO django_admin_log VALUES(31,'12','Sugar cookies',1,'[{"added": {}}]',2,1,'2024-06-15 19:01:44.015486');
INSERT INTO django_admin_log VALUES(32,'13','Strawberry Dream dessert',1,'[{"added": {}}]',2,1,'2024-06-15 19:02:58.831963');
INSERT INTO django_admin_log VALUES(33,'7','Birthday Bliss cake',2,'[{"changed": {"fields": ["Name"]}}]',2,1,'2024-06-15 19:03:16.419774');
INSERT INTO django_admin_log VALUES(34,'14','Strawberry milkshake',1,'[{"added": {}}]',2,1,'2024-06-15 19:06:29.472351');
INSERT INTO django_admin_log VALUES(35,'15','Strawberry lemonade',1,'[{"added": {}}]',2,1,'2024-06-15 19:07:28.428769');
INSERT INTO django_admin_log VALUES(36,'16','Grapefruit Lemonade',1,'[{"added": {}}]',2,1,'2024-06-15 19:18:52.949337');
INSERT INTO django_admin_log VALUES(37,'17','Classic Black Tea',1,'[{"added": {}}]',2,1,'2024-06-15 19:29:39.040258');
INSERT INTO django_admin_log VALUES(38,'3','Tunzale',2,'[{"changed": {"fields": ["Groups", "User permissions"]}}]',13,2,'2024-06-25 12:45:56.506937');
CREATE TABLE IF NOT EXISTS "django_content_type" ("id" integer NOT NULL PRIMARY KEY AUTOINCREMENT, "app_label" varchar(100) NOT NULL, "model" varchar(100) NOT NULL);
INSERT INTO django_content_type VALUES(1,'customer','category');
INSERT INTO django_content_type VALUES(2,'customer','menuitem');
INSERT INTO django_content_type VALUES(3,'customer','orderitem');
INSERT INTO django_content_type VALUES(4,'customer','ordermodel');
INSERT INTO django_content_type VALUES(5,'account','emailaddress');
INSERT INTO django_content_type VALUES(6,'account','emailconfirmation');
INSERT INTO django_content_type VALUES(7,'socialaccount','socialaccount');
INSERT INTO django_content_type VALUES(8,'socialaccount','socialapp');
INSERT INTO django_content_type VALUES(9,'socialaccount','socialtoken');
INSERT INTO django_content_type VALUES(10,'admin','logentry');
INSERT INTO django_content_type VALUES(11,'auth','permission');
INSERT INTO django_content_type VALUES(12,'auth','group');
INSERT INTO django_content_type VALUES(13,'auth','user');
INSERT INTO django_content_type VALUES(14,'contenttypes','contenttype');
INSERT INTO django_content_type VALUES(15,'sessions','session');
INSERT INTO django_content_type VALUES(16,'sites','site');
CREATE TABLE IF NOT EXISTS "auth_permission" ("id" integer NOT NULL PRIMARY KEY AUTOINCREMENT, "content_type_id" integer NOT NULL REFERENCES "django_content_type" ("id") DEFERRABLE INITIALLY DEFERRED, "codename" varchar(100) NOT NULL, "name" varchar(255) NOT NULL);
INSERT INTO auth_permission VALUES(1,1,'add_category','Can add category');
INSERT INTO auth_permission VALUES(2,1,'change_category','Can change category');
INSERT INTO auth_permission VALUES(3,1,'delete_category','Can delete category');
INSERT INTO auth_permission VALUES(4,1,'view_category','Can view category');
INSERT INTO auth_permission VALUES(5,2,'add_menuitem','Can add menu item');
INSERT INTO auth_permission VALUES(6,2,'change_menuitem','Can change menu item');
INSERT INTO auth_permission VALUES(7,2,'delete_menuitem','Can delete menu item');
INSERT INTO auth_permission VALUES(8,2,'view_menuitem','Can view menu item');
INSERT INTO auth_permission VALUES(9,3,'add_orderitem','Can add order item');
INSERT INTO auth_permission VALUES(10,3,'change_orderitem','Can change order item');
INSERT INTO auth_permission VALUES(11,3,'delete_orderitem','Can delete order item');
INSERT INTO auth_permission VALUES(12,3,'view_orderitem','Can view order item');
INSERT INTO auth_permission VALUES(13,4,'add_ordermodel','Can add order model');
INSERT INTO auth_permission VALUES(14,4,'change_ordermodel','Can change order model');
INSERT INTO auth_permission VALUES(15,4,'delete_ordermodel','Can delete order model');
INSERT INTO auth_permission VALUES(16,4,'view_ordermodel','Can view order model');
INSERT INTO auth_permission VALUES(17,5,'add_emailaddress','Can add email address');
INSERT INTO auth_permission VALUES(18,5,'change_emailaddress','Can change email address');
INSERT INTO auth_permission VALUES(19,5,'delete_emailaddress','Can delete email address');
INSERT INTO auth_permission VALUES(20,5,'view_emailaddress','Can view email address');
INSERT INTO auth_permission VALUES(21,6,'add_emailconfirmation','Can add email confirmation');
INSERT INTO auth_permission VALUES(22,6,'change_emailconfirmation','Can change email confirmation');
INSERT INTO auth_permission VALUES(23,6,'delete_emailconfirmation','Can delete email confirmation');
INSERT INTO auth_permission VALUES(24,6,'view_emailconfirmation','Can view email confirmation');
INSERT INTO auth_permission VALUES(25,7,'add_socialaccount','Can add social account');
INSERT INTO auth_permission VALUES(26,7,'change_socialaccount','Can change social account');
INSERT INTO auth_permission VALUES(27,7,'delete_socialaccount','Can delete social account');
INSERT INTO auth_permission VALUES(28,7,'view_socialaccount','Can view social account');
INSERT INTO auth_permission VALUES(29,8,'add_socialapp','Can add social application');
INSERT INTO auth_permission VALUES(30,8,'change_socialapp','Can change social application');
INSERT INTO auth_permission VALUES(31,8,'delete_socialapp','Can delete social application');
INSERT INTO auth_permission VALUES(32,8,'view_socialapp','Can view social application');
INSERT INTO auth_permission VALUES(33,9,'add_socialtoken','Can add social application token');
INSERT INTO auth_permission VALUES(34,9,'change_socialtoken','Can change social application token');
INSERT INTO auth_permission VALUES(35,9,'delete_socialtoken','Can delete social application token');
INSERT INTO auth_permission VALUES(36,9,'view_socialtoken','Can view social application token');
INSERT INTO auth_permission VALUES(37,10,'add_logentry','Can add log entry');
INSERT INTO auth_permission VALUES(38,10,'change_logentry','Can change log entry');
INSERT INTO auth_permission VALUES(39,10,'delete_logentry','Can delete log entry');
INSERT INTO auth_permission VALUES(40,10,'view_logentry','Can view log entry');
INSERT INTO auth_permission VALUES(41,11,'add_permission','Can add permission');
INSERT INTO auth_permission VALUES(42,11,'change_permission','Can change permission');
INSERT INTO auth_permission VALUES(43,11,'delete_permission','Can delete permission');
INSERT INTO auth_permission VALUES(44,11,'view_permission','Can view permission');
INSERT INTO auth_permission VALUES(45,12,'add_group','Can add group');
INSERT INTO auth_permission VALUES(46,12,'change_group','Can change group');
INSERT INTO auth_permission VALUES(47,12,'delete_group','Can delete group');
INSERT INTO auth_permission VALUES(48,12,'view_group','Can view group');
INSERT INTO auth_permission VALUES(49,13,'add_user','Can add user');
INSERT INTO auth_permission VALUES(50,13,'change_user','Can change user');
INSERT INTO auth_permission VALUES(51,13,'delete_user','Can delete user');
INSERT INTO auth_permission VALUES(52,13,'view_user','Can view user');
INSERT INTO auth_permission VALUES(53,14,'add_contenttype','Can add content type');
INSERT INTO auth_permission VALUES(54,14,'change_contenttype','Can change content type');
INSERT INTO auth_permission VALUES(55,14,'delete_contenttype','Can delete content type');
INSERT INTO auth_permission VALUES(56,14,'view_contenttype','Can view content type');
INSERT INTO auth_permission VALUES(57,15,'add_session','Can add session');
INSERT INTO auth_permission VALUES(58,15,'change_session','Can change session');
INSERT INTO auth_permission VALUES(59,15,'delete_session','Can delete session');
INSERT INTO auth_permission VALUES(60,15,'view_session','Can view session');
INSERT INTO auth_permission VALUES(61,16,'add_site','Can add site');
INSERT INTO auth_permission VALUES(62,16,'change_site','Can change site');
INSERT INTO auth_permission VALUES(63,16,'delete_site','Can delete site');
INSERT INTO auth_permission VALUES(64,16,'view_site','Can view site');
CREATE TABLE IF NOT EXISTS "auth_group" ("id" integer NOT NULL PRIMARY KEY AUTOINCREMENT, "name" varchar(150) NOT NULL UNIQUE);
INSERT INTO auth_group VALUES(1,'Staff');
CREATE TABLE IF NOT EXISTS "auth_user" ("id" integer NOT NULL PRIMARY KEY AUTOINCREMENT, "password" varchar(128) NOT NULL, "last_login" datetime NULL, "is_superuser" bool NOT NULL, "username" varchar(150) NOT NULL UNIQUE, "last_name" varchar(150) NOT NULL, "email" varchar(254) NOT NULL, "is_staff" bool NOT NULL, "is_active" bool NOT NULL, "date_joined" datetime NOT NULL, "first_name" varchar(150) NOT NULL);
INSERT INTO auth_user VALUES(1,'pbkdf2_sha256$600000$SoGjFFvB7hr2WriqCVeMIV$eRZrdyhSgIjpZHlEKefI9SfOOLXk1MWljRKtuOi3zbA=','2024-06-14 15:32:28.300251',1,'lunarin','','',1,1,'2024-06-07 15:42:54','');
INSERT INTO auth_user VALUES(2,'pbkdf2_sha256$600000$XSpN384JyKZUQX3yez3qdD$DK1fKTBoYSUEKzY+ABG4WHrARLwONRB06NtwYsEdURc=','2024-06-24 21:02:14.395283',1,'admin','','',1,1,'2024-06-14 18:31:20','');
INSERT INTO auth_user VALUES(3,'pbkdf2_sha256$720000$cPkVqySmcjwK47l2eyLSV6$1jsUUbAaTZuBFz1dp4DWTMGHwDscGlj9Ok1L1XXm9D0=','2024-06-24 09:03:14',1,'Tunzale','','tunzaleimanova03@mail.ru',1,1,'2024-06-24 09:02:53','');
CREATE TABLE IF NOT EXISTS "customer_category" ("id" integer NOT NULL PRIMARY KEY AUTOINCREMENT, "name" varchar(100) NOT NULL);
INSERT INTO customer_category VALUES(1,'Dessert');
INSERT INTO customer_category VALUES(2,'Drink');
CREATE TABLE IF NOT EXISTS "customer_menuitem" ("id" integer NOT NULL PRIMARY KEY AUTOINCREMENT, "name" varchar(100) NOT NULL, "description" text NOT NULL, "image" varchar(100) NOT NULL, "price" decimal NOT NULL);
INSERT INTO customer_menuitem VALUES(6,'Love''s Embrace','Experience pure bliss with our signature wedding cake, "Love''s Embrace." Layers of moist vanilla sponge delicately infused with hints of almond, adorned with smooth buttercream frosting and cascading edible flowers. It''s the perfect blend of elegance and deliciousness, creating unforgettable moments on your wedding day.','menu_images/_5c900953-7530-4e42-8fce-309992b7eef2.jpeg',235);
INSERT INTO customer_menuitem VALUES(7,'Birthday Bliss cake','Celebrate birthdays in style with our classic "Birthday Bliss" cake. Moist layers of chocolate and vanilla sponge, filled with creamy frosting and topped with colorful sprinkles and a personalized message. It''s the perfect treat to make every birthday extra special and memorable!','menu_images/_1b7654df-e8c7-497c-8d55-b5fb3fe10129.jpeg',132.5);
INSERT INTO customer_menuitem VALUES(8,'Strawberry cupcake','Indulge in the delightful sweetness of our strawberry cupcakes! Made with fresh strawberries, fluffy cake, and topped with creamy strawberry frosting, each bite is a burst of fruity flavor and pure happiness. Perfect for any occasion or simply to satisfy your sweet cravings!','menu_images/_0559dd78-84ef-4c7b-a4b8-42d365d805bb.jpeg',5.900000000000000355);
INSERT INTO customer_menuitem VALUES(9,'Berry Blast cake','Delight in the lusciousness of our Berry Blast birthday cake! Layers of moist vanilla sponge infused with a medley of fresh berries, frosted with creamy berry-flavored icing, and topped with a vibrant assortment of berries. It''s a burst of fruity goodness that adds joy and color to any birthday celebration!','menu_images/_1cd8e744-0b8e-45ed-a51c-fff6cca84e89.jpeg',154.5500000000000113);
INSERT INTO customer_menuitem VALUES(10,'Cherry Delight cupcake','Savor the sweetness of our Cherry Delight cupcakes! These fluffy treats are filled with juicy cherries, topped with a swirl of creamy cherry frosting, and finished with a cherry on top for a burst of flavor in every bite. Perfect for indulging in a little fruity happiness anytime!','menu_images/_4bdddf8b-33c6-45bd-8f5b-51e7fb7f5df6.jpeg',5.400000000000000355);
INSERT INTO customer_menuitem VALUES(11,'Berry Bliss pie','Indulge in the deliciousness of our Berry Bliss Pie! Made with a buttery, flaky crust and filled with a mix of juicy berries, every bite is a symphony of sweet and tangy flavors. Whether enjoyed warm with a scoop of vanilla ice cream or chilled on a sunny day, this pie is sure to delight your taste buds!','menu_images/_b6fa8056-c394-4c46-aaf7-91ca2a7e6433.jpeg',23.89999999999999858);
INSERT INTO customer_menuitem VALUES(12,'Sugar cookies','Treat yourself to our irresistible Sugar Cookies! These soft and chewy delights are baked to perfection, with a buttery sweetness that melts in your mouth. Decorated with a sprinkle of sugar on top, they''re the perfect treat for any occasion or simply to satisfy your sweet cravings!','menu_images/_9188d7b0-b036-4427-b1f1-33db57dd719f.jpeg',22.5);
INSERT INTO customer_menuitem VALUES(13,'Strawberry Dream dessert','Indulge in our delightful Strawberry Dream dessert! Layers of light sponge cake infused with fresh strawberry puree, topped with fluffy whipped cream and garnished with ripe strawberries. It''s a refreshing and irresistible treat that captures the essence of summer in every bite!','menu_images/_de127361-47eb-4859-aa5a-9e2f44f930df.jpeg',8.900000000000000355);
INSERT INTO customer_menuitem VALUES(14,'Strawberry milkshake','Quench your thirst with our luscious Strawberry Milkshake! Made with creamy vanilla ice cream blended with fresh strawberries and topped with a swirl of whipped cream, it''s a refreshing and indulgent treat that''s perfect for a hot day or any time you crave something sweet and fruity.','menu_images/_74c30f3c-72b1-4666-bcdc-3f328f682132.jpeg',4.900000000000000355);
INSERT INTO customer_menuitem VALUES(15,'Strawberry lemonade','Enjoy a burst of refreshing flavor with our Strawberry Lemonade! Made with freshly squeezed lemons and a hint of sweetness from ripe strawberries, it''s a perfect balance of tart and sweet. Served chilled over ice, it''s the ultimate thirst-quencher on a hot day, bringing a touch of summer to every sip.','menu_images/_0e777fe0-76b6-4502-bac3-2e50d90eb5a2.jpeg',9.5);
INSERT INTO customer_menuitem VALUES(16,'Grapefruit Lemonade','Quench your thirst with our zesty Grapefruit Lemonade! Made with freshly squeezed grapefruit and lemon juice, balanced with just the right amount of sweetness, it''s a tangy and refreshing twist on a classic drink. Served over ice with a slice of grapefruit for garnish, it''s the perfect way to beat the heat and invigorate your taste buds!','menu_images/_0ea88c2a-6c47-40c2-bc20-e0b1290afc27.jpeg',5.900000000000000355);
INSERT INTO customer_menuitem VALUES(17,'Classic Black Tea','Enjoy a soothing moment with our Classic Black Tea! Made from premium tea leaves, steeped to perfection to bring out the rich and robust flavors, it''s a timeless and comforting beverage. Served hot or over ice with a touch of honey or lemon, it''s a perfect choice for any time of day.','menu_images/_8d76cc0b-0943-4565-b7d6-f32094a97e79.jpeg',3.600000000000000088);
CREATE TABLE IF NOT EXISTS "customer_menuitem_category" ("id" integer NOT NULL PRIMARY KEY AUTOINCREMENT, "menuitem_id" bigint NOT NULL REFERENCES "customer_menuitem" ("id") DEFERRABLE INITIALLY DEFERRED, "category_id" bigint NOT NULL REFERENCES "customer_category" ("id") DEFERRABLE INITIALLY DEFERRED);
INSERT INTO customer_menuitem_category VALUES(6,6,1);
INSERT INTO customer_menuitem_category VALUES(7,7,1);
INSERT INTO customer_menuitem_category VALUES(8,8,1);
INSERT INTO customer_menuitem_category VALUES(9,9,1);
INSERT INTO customer_menuitem_category VALUES(10,10,1);
INSERT INTO customer_menuitem_category VALUES(11,11,1);
INSERT INTO customer_menuitem_category VALUES(12,12,1);
INSERT INTO customer_menuitem_category VALUES(13,13,1);
INSERT INTO customer_menuitem_category VALUES(14,14,2);
INSERT INTO customer_menuitem_category VALUES(15,15,2);
INSERT INTO customer_menuitem_category VALUES(16,16,2);
INSERT INTO customer_menuitem_category VALUES(17,17,2);
CREATE TABLE IF NOT EXISTS "customer_ordermodel" ("id" integer NOT NULL PRIMARY KEY AUTOINCREMENT, "created_on" datetime NOT NULL, "price" decimal NOT NULL, "name" varchar(50) NOT NULL, "email" varchar(50) NOT NULL, "street" varchar(50) NOT NULL, "city" varchar(50) NOT NULL, "state" varchar(15) NOT NULL, "phone" integer NOT NULL, "is_paid" bool NOT NULL, "is_shipped" bool NOT NULL);
INSERT INTO customer_ordermodel VALUES(1,'2024-06-07 15:40:11.518493',0,'Aydan','aydan.akbarova@gmail.com','Gandja ave 29','Baku','Azerbaijan',8989898,0,0);
INSERT INTO customer_ordermodel VALUES(2,'2024-06-07 15:40:12.605086',0,'Aydan','aydan.akbarova@gmail.com','Gandja ave 29','Baku','Azerbaijan',8989898,0,0);
INSERT INTO customer_ordermodel VALUES(3,'2024-06-07 15:40:13.458791',0,'Aydan','aydan.akbarova@gmail.com','Gandja ave 29','Baku','Azerbaijan',8989898,0,0);
INSERT INTO customer_ordermodel VALUES(4,'2024-06-07 15:40:14.113340',0,'Aydan','aydan.akbarova@gmail.com','Gandja ave 29','Baku','Azerbaijan',8989898,0,0);
INSERT INTO customer_ordermodel VALUES(5,'2024-06-07 15:40:14.812153',0,'Aydan','aydan.akbarova@gmail.com','Gandja ave 29','Baku','Azerbaijan',8989898,0,0);
INSERT INTO customer_ordermodel VALUES(6,'2024-06-07 15:40:15.329833',0,'Aydan','aydan.akbarova@gmail.com','Gandja ave 29','Baku','Azerbaijan',8989898,0,0);
INSERT INTO customer_ordermodel VALUES(7,'2024-06-07 15:46:04.284121',9,'Aydan','aydan.akbarova@gmail.com','Gandja ave 29','Baku','Azerbaijan',0,0,0);
INSERT INTO customer_ordermodel VALUES(8,'2024-06-07 16:09:01.703615',0,'Aydan','aydan.akbarova@gmail.com','Gandja ave 29','Baku','Azerbaijan',1234567,0,0);
INSERT INTO customer_ordermodel VALUES(9,'2024-06-07 16:09:33.614664',0,'Aydan','aydan.akbarova@gmail.com','Gandja ave 29','Baku','Azerbaijan',1234567,0,0);
INSERT INTO customer_ordermodel VALUES(10,'2024-06-07 16:10:33.382740',27,'Aydan','aydan.akbarova@gmail.com','Gandja ave 29','Baku','Azerbaijan',1234567,0,0);
INSERT INTO customer_ordermodel VALUES(11,'2024-06-07 16:35:15.596304',0,'Aydan','aydan.akbarova@gmail.com','Gandja ave 29','Baku','Azerbaijan',8989898,0,0);
INSERT INTO customer_ordermodel VALUES(12,'2024-06-07 16:42:26.467766',4.5,'Aydan','aydan.akbarova@gmail.com','Gandja ave 29','Baku','Azerbaijan',1234567,0,0);
INSERT INTO customer_ordermodel VALUES(13,'2024-06-07 16:51:40.516272',13.5,'Aydan','aydan.akbarova@gmail.com','Gandja ave 29','Baku','Azerbaijan',1234567,0,0);
INSERT INTO customer_ordermodel VALUES(14,'2024-06-07 20:05:51.014851',0,'Strawberry cupcake','aydan.akbarova@gmail.com','Gandja ave','baku','Azerbaijan',0,0,0);
INSERT INTO customer_ordermodel VALUES(15,'2024-06-07 20:06:08.193862',19.5,'Strawberry cupcake','aydan.akbarova@gmail.com','Gandja ave','baku','Azerbaijan',0,0,0);
INSERT INTO customer_ordermodel VALUES(16,'2024-06-07 20:54:49.685043',19.5,'Chocolate cupcake','aydan.akbarova@gmail.com','Gandja ave','ws','Azerbaijan',67678687,0,0);
INSERT INTO customer_ordermodel VALUES(17,'2024-06-14 07:30:46.694651',18,'nmnm','m,m,',' m,,m','m,m,','bnjmbj',67676,0,1);
INSERT INTO customer_ordermodel VALUES(18,'2024-06-14 08:02:38.474511',22.5,'Aydan','aydan.akbarova@gmail.com','Gandja ave','Baku','Azerbaijan',504314482,0,1);
INSERT INTO customer_ordermodel VALUES(19,'2024-06-14 16:48:54.039000',0,'Shekerbura','aydan.akbarova@gmail.com','Gandja ave','Baku','Azerbaijan',1234567,0,0);
INSERT INTO customer_ordermodel VALUES(20,'2024-06-14 17:16:22.987618',0,'Aydan','aydan.akbarova@gmail.com','Gandja ave','Baku','Azerbaijan',1234567,0,0);
INSERT INTO customer_ordermodel VALUES(21,'2024-06-14 17:21:59.473881',0,'Chocolate cupcake','aydan.akbarova@gmail.com','Gandja ave','jkjk','Azerbaijan',0,0,0);
INSERT INTO customer_ordermodel VALUES(22,'2024-06-14 17:25:27.538092',0,'Strawberry cupcake','aydan@aydan.com','jkjl','baku','Azerbaijan',67678687,0,0);
INSERT INTO customer_ordermodel VALUES(23,'2024-06-14 17:36:37.737981',0,'Strawberry cupcake','aydan.akbarova@gmail.com','Gandja ave','Baku','Azerbaijan',0,0,0);
INSERT INTO customer_ordermodel VALUES(24,'2024-06-14 17:39:00.587734',0,'Strawberry cupcake','aydan.akbarova@gmail.com','Gandja ave','Baku','Azerbaijan',0,0,0);
INSERT INTO customer_ordermodel VALUES(25,'2024-06-14 17:47:26.548592',22.5,'Strawberry cupcake','aydan.akbarova@gmail.com','Gandja ave','Baku','Azerbaijan',0,0,0);
INSERT INTO customer_ordermodel VALUES(26,'2024-06-14 17:47:31.875847',22.5,'Strawberry cupcake','aydan.akbarova@gmail.com','Gandja ave','Baku','Azerbaijan',0,0,0);
INSERT INTO customer_ordermodel VALUES(27,'2024-06-14 17:48:51.645941',22.5,'Strawberry cupcake','aydan.akbarova@gmail.com','Gandja ave','Baku','Azerbaijan',0,0,0);
INSERT INTO customer_ordermodel VALUES(28,'2024-06-14 17:50:34.861287',18,'HAVA','aydan@aydan.com','jkjl','jkjk','bnjmbj',0,0,0);
INSERT INTO customer_ordermodel VALUES(29,'2024-06-14 17:53:24.237596',22.5,'Chocolate cupcake','aydan@aydan.com',' m,,m','jklj','Azerbaijan',67678687,0,0);
INSERT INTO customer_ordermodel VALUES(30,'2024-06-14 18:09:13.480530',12,'HAVA','aydan.akbarova@gmail.com','Gandja ave','baku','Azerbaijan',0,0,0);
INSERT INTO customer_ordermodel VALUES(31,'2024-06-14 18:12:20.102344',9,'HAVA','aydan@aydan.com','Gandja ave','jkjk','Azerbaijan',0,0,0);
INSERT INTO customer_ordermodel VALUES(32,'2024-06-14 18:33:27.677281',18,'Chocolate cupcake','aydan.akbarova@gmail.com','Gandja ave','jkjk','Azerbaijan',1234567,0,0);
INSERT INTO customer_ordermodel VALUES(33,'2024-06-14 18:57:56.235117',40,'HAVA','aydan.akbarova@gmail.com','Gandja ave','Baku','bnjmbj',67678687,0,0);
INSERT INTO customer_ordermodel VALUES(34,'2024-06-14 19:13:31.029755',0,'Aydan','aydan.akbarova@gmail.com','Gandja ave','Baku','Azerbaijan',0,0,0);
INSERT INTO customer_ordermodel VALUES(35,'2024-06-14 19:14:34.212830',0,'Aydan','aydan.akbarova@gmail.com','Gandja ave','Baku','Azerbaijan',8989898,0,0);
INSERT INTO customer_ordermodel VALUES(36,'2024-06-14 19:17:20.053834',9,'Aydan','aydan.akbarova@gmail.com','Gandja ave','Baku','Azerbaijan',0,1,1);
INSERT INTO customer_ordermodel VALUES(37,'2024-06-15 09:42:23.281959',10.69999999999999928,'HAVA','aydan.akbarova@gmail.com','Gandja ave','baku','Azerbaijan',8989898,0,1);
INSERT INTO customer_ordermodel VALUES(38,'2024-06-15 09:42:43.821949',24.19999999999999929,'HAVA','aydan.akbarova@gmail.com','Gandja ave','baku','Azerbaijan',8989898,0,0);
INSERT INTO customer_ordermodel VALUES(39,'2024-06-15 09:48:23.308481',129.9000000000000056,'HAVA','aydan.akbarova@gmail.com','Gandja ave','Baku','Azerbaijan',0,0,0);
INSERT INTO customer_ordermodel VALUES(40,'2024-06-15 19:33:18.210680',235,'Aydan','aydan.akbarova@gmail.com','Gandja ave','Baku','Azerbaijan',1234567,0,0);
INSERT INTO customer_ordermodel VALUES(41,'2024-06-15 19:37:46.935500',235,'Aydan','aydan.akbarova@gmail.com','Gandja ave','Baku','Azerbaijan',1234567,0,0);
INSERT INTO customer_ordermodel VALUES(42,'2024-06-15 20:53:00.343471',470,'Aydan','aydan.akbarova@gmail.com','Gandja ave','Baku','Azerbaijan',8989898,0,0);
INSERT INTO customer_ordermodel VALUES(43,'2024-06-16 17:24:16.777655',239.9000000000000056,'Aydan','aydan.akbarova@gmail.com','Gandja ave','Baku','Azerbaijan',0,0,0);
INSERT INTO customer_ordermodel VALUES(44,'2024-06-19 08:28:10.929651',470,'Tunzala Imanova','tunzaleimanova9658@mail.ru','Surakhani district, Kharacukhur st,4042/60, 38','Baku','Azerbaijan',506339658,0,0);
INSERT INTO customer_ordermodel VALUES(45,'2024-06-22 10:36:09.317189',235,'Tunzala Imanova','tunzaleimanova9658@mail.ru','Surakhani district, Kharacukhur st,4042/60, 38','Baku','Azerbaijan',506339658,0,0);
INSERT INTO customer_ordermodel VALUES(46,'2024-06-22 10:39:46.481746',0,'tunzaleimanova9658@mail.ru','tunzaleimanova9658@mail.ru','Surakhani district, Kharacukhur st,4042/60, 38','Baku','Azerbaijan',506339658,0,0);
INSERT INTO customer_ordermodel VALUES(47,'2024-06-22 11:28:05.891050',235,'tunzaleimanova9658@mail.ru','tunzaleimanova9658@mail.ru','Surakhani district, Kharacukhur st,4042/60, 38','Baku','Azerbaijan',506339658,0,0);
INSERT INTO customer_ordermodel VALUES(48,'2024-06-22 11:47:55.058868',235,'tunzaleimanova9658@mail.ru','tunzaleimanova9658@mail.ru','Surakhani district, Kharacukhur st,4042/60, 38','Baku','Azerbaijan',506339658,0,0);
INSERT INTO customer_ordermodel VALUES(49,'2024-06-22 11:49:15.175971',235,'Tunzala Imanova','tunzaleimanova9658@mail.ru','Surakhani district, Kharacukhur st,4042/60, 38','Baku','Azerbaijan',506339658,0,0);
INSERT INTO customer_ordermodel VALUES(50,'2024-06-22 15:27:56.360592',0,'Gulnar','gli@gmail.com','Yasamal','Bakı','Azerbaijan',926492164921649,0,0);
INSERT INTO customer_ordermodel VALUES(51,'2024-06-23 13:44:50.154835',235,'HAVA','aydan.akbarova@gmail.com','Gandja ave','Baku','Azerbaijan',0,0,0);
INSERT INTO customer_ordermodel VALUES(52,'2024-06-23 13:45:44.449862',239.9000000000000056,'HAVA','aydan.akbarova@gmail.com','Gandja ave','Baku','Azerbaijan',8989898,0,0);
INSERT INTO customer_ordermodel VALUES(53,'2024-06-24 09:01:06.907953',235,'Tunzala Imanova','tunzaleimanova9658@mail.ru','Surakhani district, Kharacukhur st,4042/60, 38','Baku','Azerbaijan',506339658,0,1);
INSERT INTO customer_ordermodel VALUES(54,'2024-06-24 21:38:36.485858',9.80000000000000072,'Aydan','aydan@aydan.com','Gandja ave','Baku','Azerbaijan',8989898,0,1);
INSERT INTO customer_ordermodel VALUES(55,'2024-06-24 22:29:38.947729',239.9000000000000056,'Aydan','aydan.akbarova@gmail.com','Gandja ave','Baku','Azerbaijan',8989898,0,0);
INSERT INTO customer_ordermodel VALUES(56,'2024-06-25 09:00:44.579936',0,'Aydan','aydan.akbarova@gmail.com','Gandja ave','Baku','Azerbaijan',8989898,0,1);
INSERT INTO customer_ordermodel VALUES(57,'2024-06-25 09:03:46.507436',0,'Aydan','aydan.akbarova@gmail.com','Gandja ave','Baku','Azerbaijan',8989898,0,1);
INSERT INTO customer_ordermodel VALUES(58,'2024-06-25 09:05:29.386906',0,'Aydan','aydan.akbarova@gmail.com','Gandja ave','Baku','Azerbaijan',8989898,0,0);
INSERT INTO customer_ordermodel VALUES(59,'2024-06-25 09:47:19.485524',252.6999999999999887,'Aydan','aydan.akbarova@gmail.com','Gandja ave','Baku','Azerbaijan',8989898,1,1);
INSERT INTO customer_ordermodel VALUES(60,'2024-06-25 13:24:21.695530',235,'Aydan','aydan.akbarova@gmail.com','Gandja ave','Baku','Azerbaijan',67678687,0,0);
INSERT INTO customer_ordermodel VALUES(61,'2024-06-25 20:25:59.846961',463.6499999999999773,'Aydan Akbarova','aydan.akbarova@gmail.com','Gandja ave 29','Baku','Azerbaijan',504314482,0,0);
INSERT INTO customer_ordermodel VALUES(62,'2024-06-25 20:26:46.474192',235,'aydan.akbarova@gmail.com','aydan.akbarova@gmail.com','Gandja ave 29','Baku','Azerbaijan',504314482,0,0);
INSERT INTO customer_ordermodel VALUES(63,'2024-06-25 20:30:23.978427',18.39999999999999857,'Aydan Akbarova','aydan.akbarova@gmail.com','Gandja ave 29','Baku','Azerbaijan',504314482,0,1);
INSERT INTO customer_ordermodel VALUES(64,'2024-06-25 20:34:45.981440',56.70000000000000284,'Aydan Akbarova','aydan.akbarova@gmail.com','Gandja ave 29','Baku','Azerbaijan',504314482,0,0);
INSERT INTO customer_ordermodel VALUES(65,'2024-06-25 20:35:21.483694',142,'aydan.akbarova@gmail.com','aydan.akbarova@gmail.com','Gandja ave 29','Baku','Azerbaijan',504314482,0,0);
CREATE TABLE IF NOT EXISTS "django_session" ("session_key" varchar(40) NOT NULL PRIMARY KEY, "session_data" text NOT NULL, "expire_date" datetime NOT NULL);
INSERT INTO django_session VALUES('6hhxkqoo026ehhe5rl7yp8ymy6axvuq7','.eJxVjssOgyAURP-FtSE8pDyW3fcbyAUu1dpAIrpojP9eTVy02zkzJ7MRD-sy-LXh7MdEHOGk-80CxAnLCdILyrPSWMsyj4GeFXrRRh814ft-df8EA7ThWGsWDWYjwVp1izwYsEKBlAESauwhZxElYpKC5YxMMisVN31iXFupbTykDVsba_ETfojbjqNOdUQQ1-_7F5e4QEw:1sI1M2:qLizdnU8xGF-ks4WCRnWXHiXhj6V3ARqIaBI-dqep44','2024-06-28 07:28:10.451782');
INSERT INTO django_session VALUES('5jl6sqbey66bmcecw6gjdd2396uc4jjq','.eJyrVipOLS7OzM-Lz06tVLKqVjIEEQVFmcmpSlZKJnqmBko6SoWliXklmSVAeSODWh0lI5CSQhBXKTmxqCQeLl1bWwsAFDcaZQ:1sFpmh:jALWRuEZzz0BARrTPIysQDt8FSjsZsEzXuJvUi78xcY','2024-06-22 06:42:39.730308');
INSERT INTO django_session VALUES('4l0jahm8kdswcy5d0akv4s33mq2zpdp9','.eJyrVipOLS7OzM-Lz06tVLKqVjIEEYUlQLZScmJRSXxhaWJeSSaQX6ujZIRTrrYWAKzHGeY:1sFpnu:cGMQKTJOfHdthTkmHO8osijnxFxgRPCTBIQAnk3MPnc','2024-06-22 06:43:54.430662');
INSERT INTO django_session VALUES('er7foh1vzidmn8qzx3y83jvxuzou3ggv','.eJyrVipOLS7OzM-Lz06tVLKqVjIEEYUlQLZScmJRSXxhaWJeSSaQX6ujZIRTrrYWAKzHGeY:1sFpq2:UdMonToy9lH6-FOqgMWVseVtyI5j67KIEs7oD3HkJPs','2024-06-22 06:46:06.580671');
INSERT INTO django_session VALUES('aas8mfdvcpvwykbjyix7t534y5ltnhzb','.eJyrVipOLS7OzM-Lz06tVLKqVjIEEYUlQLZScmJRSXxhaWJeSSaQX6ujZIRTrrYWAKzHGeY:1sFuk5:xOOStTz6RJndyxCFVuAEQTf5uWjuf6qlHXo7N8XMCsQ','2024-06-22 12:00:17.840719');
INSERT INTO django_session VALUES('g77zb660gyzi496jqwbhi8fdvik1xvcd','.eJyrVipOLS7OzM-Lz06tVLKqVjIEEYUlQLZScmJRSXxhaWJeSSaQX6ujZIRTrrYWAKzHGeY:1sFwPG:8QJnsL11uE0wBrt7caEoil2kVJBNbaSFuT1B2mPS3Bs','2024-06-22 13:46:54.060026');
INSERT INTO django_session VALUES('qgcvd6dqx157zs15vnf8cwndhexs4730','eyJzZXNzaW9uX2tleSI6eyIxIjoyLCIyIjoyfX0:1sFySs:vlqg4xHTfQcAc1TOUGYWgD_PypXb5EzYTRi3sEPyiSY','2024-06-22 15:58:46.626216');
INSERT INTO django_session VALUES('iz0d3270wvdumw6p25zeghk049ti3spd','.eJxVkMtugzAQRf9l1gjZDA-bZff5gqpCgz0UN4kdYaOkQvx7cZsushvNPfcs7gaRY3TBD2f-hn4DCT3uBZAxYfVpoDXN7JMzlDJ05TQHG6F_3-Dvhh5uFOM9LBaOWoJedlJhI2qlS1W1KNoC1siLpysf8GX1tDgP-0cBv_Yhh4PLIgkvv5HMmX0O7Bf5z1Ca4NPixjIj5TON5SlYvrw92RfBTHE-2p0wiieFpHXTGjkq0lVDiCNZ7rimaaoMMlusxDSxQKGxkaq2QnYaO22y9H8lftzccgwl9h-d-2hB:1sI5xU:10-M-iCe17lj6PWffaYJH3IMQa0mm-m41E6JGwhMig0','2024-06-28 12:23:08.891960');
INSERT INTO django_session VALUES('7u5b8rr30z90iyka7qo1o0ef0d5ve6vq','.eJxVkEFuwyAQRe8ya8sCE9vAsvucoKqsMQw1TQKRwWory3cvtOkiu9H8N0-jv0OilHwM04W-Qe_AQXcNdKDF0QAaE7eQJ9zyQiF7g7miN8pLtAn06w5_M2i4Y0qfcbVQzjJoPnIpes5Y34qBDYrJBrZEa8AbFfq6BVx9gOOtgV_9VMPJVxOHp92M5kKhBvYDw3tsTQx59XNbkfaRpvYcLV1fHuyTYMG0lOuRGUlOClSqHwyfJaquRyFmtDTSCZ3rjCCyomPOERNMlf_lyTI-KjEqU6X_ZdHX3a-lL3b8AEPuaXc:1sI1an:O212JzD1n4ezFb6a-FzhlX_z598GCW1w6N_CuUfPHWw','2024-06-28 07:43:25.365359');
INSERT INTO django_session VALUES('awc4cu2ewqsu0pqqnxr9ilf03wd82tsu','.eJxVjEEOgyAQRe8y64aAowVcdt8zkAGGam0gEV00xru3Jm7c_vfe36ByrWPJbuIv9Nt-A0frMri18uzGCD0ouGyewsT5APFN-VVEKHmZRy8ORZy0imeJ_Hmc7uVgoDr8ay2D4WSQrO3uQXlDtukI0VNkzS2l1ARkjtjIlFiitNgp00aptEVtA-w_ago-WA:1sI1j6:ysZQnaXXNBB4Zrs5N8afVjdRP3uHMupJ6Fl3W5ndxp4','2024-06-28 07:52:00.659263');
INSERT INTO django_session VALUES('idzycov120kraz9o1aebogljpni5m2sj','.eJxVkMFuwyAQRP9lz5YFBgfjY-_5gqqy1rDUNAlEgNVWlv-9pk0Pue3OzD6NdgM0Jq6hTLiWhULxBouPYbpRWaLNML5u8DfDCHfM-TMmCw1ggZErPoieKyVbKflJqAbWTCngjY7wdQ2YfID9rYFf-lTNyVcQhydtRnOhUA37geE9tiaGkvzc1kj7cHN7jpauL4_sE2DBvBzXipmB3CBQ6_5k-Dyg7noUYkZLiiQ61xlBZEXHnCMmmD7qD9IyrrRQ2lRoppzrA-jr7tM3jKyBf-lCx76BglHs-w-2dWhF:1sLsDb:_I3jsKS_yQTLSNmNiCNXvCwh-YUTPSlWQhVBiYbBNCU','2024-07-08 22:31:23.302013');
INSERT INTO django_session VALUES('6exv52g1pf9w4425khjcdpespjsq4n20','.eJxVkMFugzAQRP9lzwjZGGqbY-_5gipCi70UN8GObKM2Qvx7cZMectudeTvSzgZoTFh9HnDNM_nsDGYX_LBQnoNN0H9s8Jihhxum9B2ihQowQ88lV0Jq3qq60bIVvII1UfS40AFfV4_RedjPFfylD8UcXAni8KKNaC7ki2G_0H-G2gSfoxvrgtRPN9WnYOn6_mRfAmZM83EtmVE0KYFad2-Gjwp106EQI1qS1OI0NUYQWdGwaSImmBYdV61lXOrjEVNCE6VUCqCfm4t36FkFBmMeXKal1HF-7NBvewX_8IXuRdh_AZ0lcDw:1sITZH:FZr_2C3YHVJJS3ijPQVm1ckKBUpgSMOENAa0BLG_YzQ','2024-06-29 13:35:43.084847');
INSERT INTO django_session VALUES('w3wlpko127fj0slp8m7fuel2vd6szvd6','eyJzZXNzaW9uX2tleSI6eyI2IjoxLCI3IjozfX0:1sLNxx:XIja0cnvBfK0u0bDNdKQuZ2BftL4GvoPNQSACFj3fy8','2024-07-07 14:13:13.760294');
INSERT INTO django_session VALUES('qph1a35gyephwmxfhaensz20vq3ojuz3','eyJzZXNzaW9uX2tleSI6e319:1sL2Vh:LddapBnSVr7EXwHyhdRzjcHME0fSwpAz9jup1sVhMy4','2024-07-06 15:18:37.809824');
INSERT INTO django_session VALUES('x5o0acbaqwrcg33ipk08r0xm7p42sxnw','.eJxVkLtuhDAQRf9laoT8AIwp02-XLorQ2B4Hsrv2Chvlgfj34GRTbDeac-8p7gaJUppjGM_0BcO2V4DWxjXkEdc8UcizxVz4lfIUXYLhZYO_Gwa4YUofcXFw1DIMXHEtuFa6qXspWa-aCtZES8ArHennNXzjhWB_reBXPxY4zsUk4eFn0J4pFODeMbzF2saQl9nUJVLfaapP0dHl6Z59EEyYpqPdEZLXPUr0HFvvnURF2mtvNBlhjBTMtbbjyomuE473yqPkLTNWNI1Tokj_F6LP27wcI3HBdMfY_gNpaWlv:1sLfbW:5MkcrhZAij6Wm-ociNNThkU2tj-cobbfpj_m1UgM5lg','2024-07-08 09:03:14.867006');
INSERT INTO django_session VALUES('gcxkb10kybawm1gv55utj0u2y98b2w3e','.eJxVkEtuhDAQRO_Sa4Rs87FhmX1OEEWocTfBmWCPsFFmhLh7cDJZzK7Vr-otaofIMbrghwvfod-PAtDasPk04JZm9slZTJkvnOZAEfq3Hf5u6OGKMX6HleCsJeillp1SQtSqrCvZ6aaALfLqceEzjLQ4D8d7Ab_uIaPBZY2Cp9-I9sI-A_pE_xFKG3xa3VjmSPmgsXwNxF8vj-yTYMY4n-2pstiiMlVTqbElWRsSRKOxhpQYqaGulYyNmRqujUKlVaenqbW6qq3GqcvS_3n4dnXruZA4fgBnTmaZ:1sLffW:m6en_FBeVt5XhYJiOvt2GQ_El4zL9nG0JQIzSyGOmmE','2024-07-08 09:07:22.453368');
INSERT INTO django_session VALUES('ustm1in02nc3kjey0onrsqu7um17xfuc','eyJzZXNzaW9uX2tleSI6e319:1sLh0B:hoToYzTwAtW2dhnbTHFmhc82jIqqQHIbIzabZZ45FnY','2024-07-08 10:32:47.025199');
INSERT INTO django_session VALUES('lygpn7z78cp1zysffifbs06obwhxiwqw','eyJzZXNzaW9uX2tleSI6eyI2IjoxfX0:1sLhf0:NobhxR8XTqz4LOd-O_A7xO6p187UJgpnvoFwDX0B714','2024-07-08 11:14:58.388132');
INSERT INTO django_session VALUES('bjsm2ddrn4ty37mlfjbb76wlx41shkn7','eyJzZXNzaW9uX2tleSI6eyI2IjoxLCIxNiI6MX19:1sLi8f:mmRHiszfbWv4Hv0RVSMGHjM0xxR7bSWChpJ1dvaYk3w','2024-07-08 11:45:37.161775');
INSERT INTO django_session VALUES('za41n7xunur2o9lvfjsz89xjes5u33wt','eyJzZXNzaW9uX2tleSI6e319:1sLiD1:gfAdA1Fl4zVg79v-O6h8a8QoLvdwdzVRrxGp6z41nbo','2024-07-08 11:50:07.185406');
INSERT INTO django_session VALUES('22q1hc034l6mcivblw5xgxj7f7p3cx23','.eJxVj81ugzAQhN9lzwjhHzDm2HufoKrQ2l6Km2JH2KiJEO9e3KaH3GZnZj9pdkBr4xbyiFueKWRvMfsYxoXyHF2C4W2HPw0DXDGl77g6qAAzDEwxzTuuhaxFEayCLdEacKGzjG7xAY73Cn7ZY4lGXzAcnjyD9kKhBO4Tw0esbQx59aYulfqRpvo1Ovp6eXSfADOm-fxupeLUksQehWvRadkZ3ktNzE5dw1qapBNKc0n9JHrZMeKKTqUEb5hpTIEmSqnMp9vVr3cYmgr-rQud934cP21DZbA:1sMCsI:rJfJ8eDWfXwiS_-5IHij0Agva7-PXl-hYhYhL_25kjo','2024-07-09 20:34:46.001236');
CREATE TABLE IF NOT EXISTS "django_site" ("id" integer NOT NULL PRIMARY KEY AUTOINCREMENT, "name" varchar(50) NOT NULL, "domain" varchar(100) NOT NULL UNIQUE);
INSERT INTO django_site VALUES(1,'example.com','example.com');
CREATE TABLE IF NOT EXISTS "socialaccount_socialapp_sites" ("id" integer NOT NULL PRIMARY KEY AUTOINCREMENT, "socialapp_id" integer NOT NULL REFERENCES "socialaccount_socialapp" ("id") DEFERRABLE INITIALLY DEFERRED, "site_id" integer NOT NULL REFERENCES "django_site" ("id") DEFERRABLE INITIALLY DEFERRED);
CREATE TABLE IF NOT EXISTS "socialaccount_socialapp" ("id" integer NOT NULL PRIMARY KEY AUTOINCREMENT, "provider" varchar(30) NOT NULL, "name" varchar(40) NOT NULL, "client_id" varchar(191) NOT NULL, "secret" varchar(191) NOT NULL, "key" varchar(191) NOT NULL, "provider_id" varchar(200) NOT NULL, "settings" text NOT NULL CHECK ((JSON_VALID("settings") OR "settings" IS NULL)));
CREATE TABLE IF NOT EXISTS "socialaccount_socialtoken" ("id" integer NOT NULL PRIMARY KEY AUTOINCREMENT, "token" text NOT NULL, "token_secret" text NOT NULL, "expires_at" datetime NULL, "account_id" integer NOT NULL REFERENCES "socialaccount_socialaccount" ("id") DEFERRABLE INITIALLY DEFERRED, "app_id" integer NULL REFERENCES "socialaccount_socialapp" ("id") DEFERRABLE INITIALLY DEFERRED);
CREATE TABLE IF NOT EXISTS "socialaccount_socialaccount" ("id" integer NOT NULL PRIMARY KEY AUTOINCREMENT, "provider" varchar(200) NOT NULL, "uid" varchar(191) NOT NULL, "last_login" datetime NOT NULL, "date_joined" datetime NOT NULL, "user_id" integer NOT NULL REFERENCES "auth_user" ("id") DEFERRABLE INITIALLY DEFERRED, "extra_data" text NOT NULL CHECK ((JSON_VALID("extra_data") OR "extra_data" IS NULL)));
CREATE TABLE IF NOT EXISTS "customer_orderitem" ("id" integer NOT NULL PRIMARY KEY AUTOINCREMENT, "menu_item_id" bigint NOT NULL REFERENCES "customer_menuitem" ("id") DEFERRABLE INITIALLY DEFERRED, "order_id" bigint NOT NULL REFERENCES "customer_ordermodel" ("id") DEFERRABLE INITIALLY DEFERRED, "quantity" integer unsigned NOT NULL CHECK ("quantity" >= 0));
INSERT INTO customer_orderitem VALUES(36,6,40,1);
INSERT INTO customer_orderitem VALUES(37,6,41,1);
INSERT INTO customer_orderitem VALUES(38,6,42,2);
INSERT INTO customer_orderitem VALUES(39,6,43,1);
INSERT INTO customer_orderitem VALUES(40,14,43,1);
INSERT INTO customer_orderitem VALUES(41,6,44,2);
INSERT INTO customer_orderitem VALUES(42,11,44,0);
INSERT INTO customer_orderitem VALUES(43,15,44,0);
INSERT INTO customer_orderitem VALUES(44,6,45,1);
INSERT INTO customer_orderitem VALUES(45,7,46,0);
INSERT INTO customer_orderitem VALUES(46,6,47,1);
INSERT INTO customer_orderitem VALUES(47,6,48,1);
INSERT INTO customer_orderitem VALUES(48,6,49,1);
INSERT INTO customer_orderitem VALUES(49,6,51,1);
INSERT INTO customer_orderitem VALUES(50,6,52,1);
INSERT INTO customer_orderitem VALUES(51,14,52,1);
INSERT INTO customer_orderitem VALUES(52,6,53,1);
INSERT INTO customer_orderitem VALUES(53,14,54,2);
INSERT INTO customer_orderitem VALUES(54,6,55,1);
INSERT INTO customer_orderitem VALUES(55,14,55,1);
INSERT INTO customer_orderitem VALUES(56,6,59,1);
INSERT INTO customer_orderitem VALUES(57,16,59,3);
INSERT INTO customer_orderitem VALUES(58,6,60,1);
INSERT INTO customer_orderitem VALUES(59,9,61,3);
INSERT INTO customer_orderitem VALUES(60,6,62,1);
INSERT INTO customer_orderitem VALUES(61,13,63,1);
INSERT INTO customer_orderitem VALUES(62,15,63,1);
INSERT INTO customer_orderitem VALUES(63,11,64,2);
INSERT INTO customer_orderitem VALUES(64,13,64,1);
INSERT INTO customer_orderitem VALUES(65,7,65,1);
INSERT INTO customer_orderitem VALUES(66,15,65,1);
DELETE FROM sqlite_sequence;
INSERT INTO sqlite_sequence VALUES('django_migrations',39);
INSERT INTO sqlite_sequence VALUES('account_emailaddress',1);
INSERT INTO sqlite_sequence VALUES('django_admin_log',38);
INSERT INTO sqlite_sequence VALUES('django_content_type',16);
INSERT INTO sqlite_sequence VALUES('auth_permission',64);
INSERT INTO sqlite_sequence VALUES('auth_group',1);
INSERT INTO sqlite_sequence VALUES('auth_user',3);
INSERT INTO sqlite_sequence VALUES('django_site',1);
INSERT INTO sqlite_sequence VALUES('socialaccount_socialapp',0);
INSERT INTO sqlite_sequence VALUES('socialaccount_socialtoken',0);
INSERT INTO sqlite_sequence VALUES('socialaccount_socialaccount',0);
INSERT INTO sqlite_sequence VALUES('customer_ordermodel',65);
INSERT INTO sqlite_sequence VALUES('customer_category',2);
INSERT INTO sqlite_sequence VALUES('customer_menuitem',17);
INSERT INTO sqlite_sequence VALUES('customer_menuitem_category',17);
INSERT INTO sqlite_sequence VALUES('customer_orderitem',66);
INSERT INTO sqlite_sequence VALUES('auth_group_permissions',16);
INSERT INTO sqlite_sequence VALUES('auth_user_user_permissions',192);
INSERT INTO sqlite_sequence VALUES('auth_user_groups',3);
CREATE UNIQUE INDEX "auth_group_permissions_group_id_permission_id_0cd325b0_uniq" ON "auth_group_permissions" ("group_id", "permission_id");
CREATE INDEX "auth_group_permissions_group_id_b120cbf9" ON "auth_group_permissions" ("group_id");
CREATE INDEX "auth_group_permissions_permission_id_84c5c92e" ON "auth_group_permissions" ("permission_id");
CREATE UNIQUE INDEX "auth_user_groups_user_id_group_id_94350c0c_uniq" ON "auth_user_groups" ("user_id", "group_id");
CREATE INDEX "auth_user_groups_user_id_6a12ed8b" ON "auth_user_groups" ("user_id");
CREATE INDEX "auth_user_groups_group_id_97559544" ON "auth_user_groups" ("group_id");
CREATE UNIQUE INDEX "auth_user_user_permissions_user_id_permission_id_14a6b632_uniq" ON "auth_user_user_permissions" ("user_id", "permission_id");
CREATE INDEX "auth_user_user_permissions_user_id_a95ead1b" ON "auth_user_user_permissions" ("user_id");
CREATE INDEX "auth_user_user_permissions_permission_id_1fbb5f2c" ON "auth_user_user_permissions" ("permission_id");
CREATE INDEX "account_emailconfirmation_email_address_id_5b7f8c58" ON "account_emailconfirmation" ("email_address_id");
CREATE UNIQUE INDEX "account_emailaddress_user_id_email_987c8728_uniq" ON "account_emailaddress" ("user_id", "email");
CREATE UNIQUE INDEX "unique_verified_email" ON "account_emailaddress" ("email") WHERE "verified";
CREATE INDEX "account_emailaddress_user_id_2c513194" ON "account_emailaddress" ("user_id");
CREATE INDEX "account_emailaddress_email_03be32b2" ON "account_emailaddress" ("email");
CREATE UNIQUE INDEX "unique_primary_email" ON "account_emailaddress" ("user_id", "primary") WHERE "primary";
CREATE INDEX "django_admin_log_content_type_id_c4bce8eb" ON "django_admin_log" ("content_type_id");
CREATE INDEX "django_admin_log_user_id_c564eba6" ON "django_admin_log" ("user_id");
CREATE UNIQUE INDEX "django_content_type_app_label_model_76bd3d3b_uniq" ON "django_content_type" ("app_label", "model");
CREATE UNIQUE INDEX "auth_permission_content_type_id_codename_01ab375a_uniq" ON "auth_permission" ("content_type_id", "codename");
CREATE INDEX "auth_permission_content_type_id_2f476e4b" ON "auth_permission" ("content_type_id");
CREATE UNIQUE INDEX "customer_menuitem_category_menuitem_id_category_id_c5f10fe0_uniq" ON "customer_menuitem_category" ("menuitem_id", "category_id");
CREATE INDEX "customer_menuitem_category_menuitem_id_47e01d66" ON "customer_menuitem_category" ("menuitem_id");
CREATE INDEX "customer_menuitem_category_category_id_ecc25efa" ON "customer_menuitem_category" ("category_id");
CREATE INDEX "django_session_expire_date_a5c62663" ON "django_session" ("expire_date");
CREATE UNIQUE INDEX "socialaccount_socialapp_sites_socialapp_id_site_id_71a9a768_uniq" ON "socialaccount_socialapp_sites" ("socialapp_id", "site_id");
CREATE INDEX "socialaccount_socialapp_sites_socialapp_id_97fb6e7d" ON "socialaccount_socialapp_sites" ("socialapp_id");
CREATE INDEX "socialaccount_socialapp_sites_site_id_2579dee5" ON "socialaccount_socialapp_sites" ("site_id");
CREATE UNIQUE INDEX "socialaccount_socialtoken_app_id_account_id_fca4e0ac_uniq" ON "socialaccount_socialtoken" ("app_id", "account_id");
CREATE INDEX "socialaccount_socialtoken_account_id_951f210e" ON "socialaccount_socialtoken" ("account_id");
CREATE INDEX "socialaccount_socialtoken_app_id_636a42d7" ON "socialaccount_socialtoken" ("app_id");
CREATE UNIQUE INDEX "socialaccount_socialaccount_provider_uid_fc810c6e_uniq" ON "socialaccount_socialaccount" ("provider", "uid");
CREATE INDEX "socialaccount_socialaccount_user_id_8146e70c" ON "socialaccount_socialaccount" ("user_id");
CREATE INDEX "customer_orderitem_menu_item_id_806351d7" ON "customer_orderitem" ("menu_item_id");
CREATE INDEX "customer_orderitem_order_id_8bd94774" ON "customer_orderitem" ("order_id");
COMMIT;
